{
  "format_version": "1.8.0",
  "animations": {
    "horsemplayer.p1": {
      "loop": true,
      "animation_length": 0.7917,
      "bones": {
        "root": {
          "rotation": {
            "0.0": {
              "vector": [-35,0,0]
            },
            "0.7917": {
              "vector": [-35,0,0]
            }
          },
          "position": {
            "0.0": {
              "vector": [0,6.5,17]
            },
            "0.7917": {
              "vector": [0,6.5,17]
            }
          }
        },
        "head2": {
          "rotation": {
            "0.0": {
              "vector": [50.7169804345,-41.7220417483,-22.7207153955]
            },
            "0.25": {
              "vector": [58.2169804345,-41.7220417483,-22.7207153955],
              "easing": "easeOutCubic"
            },
            "0.7917": {
              "vector": [50.7169804345,-41.7220417483,-22.7207153955],
              "easing": "linear"
            }
          },
          "position": {
            "0.0": {
              "vector": [2.4,-6,0]
            },
            "0.7917": {
              "vector": [2.4,-6,0]
            }
          }
        },
        "d3": {
          "rotation": {
            "0.0": {
              "vector": [-17.5,0,0]
            },
            "0.7917": {
              "vector": [-17.5,0,0]
            }
          }
        },
        "tail": {
          "rotation": {
            "0.0": {
              "vector": [37.5,0,0]
            },
            "0.25": {
              "vector": [65,0,0],
              "easing": "easeOutSine"
            },
            "0.7917": {
              "vector": [37.5,0,0]
            }
          },
          "position": {
            "0.0": {
              "vector": [0,-2.343420867,-2.998062481]
            },
            "0.25": {
              "vector": [0,-3.629188309,-1.965025253],
              "easing": "easeOutSine"
            },
            "0.7917": {
              "vector": [0,-2.343420867,-2.998062481]
            }
          }
        },
        "front_left_leg": {
          "rotation": {
            "0.0": {
              "vector": [-25,0,-15]
            },
            "0.25": {
              "vector": [-20,0,-15],
              "easing": "easeOutCubic"
            },
            "0.7917": {
              "vector": [-25,0,-15]
            }
          },
          "position": {
            "0.0": {
              "vector": [0,1,0]
            },
            "0.25": {
              "vector": [0,1.245575608,-0.392728481],
              "easing": "easeOutCubic"
            },
            "0.7917": {
              "vector": [0,1,0]
            }
          }
        },
        "front_right_leg": {
          "rotation": {
            "0.0": {
              "vector": [-25,0,15]
            },
            "0.25": {
              "vector": [-20,0,15],
              "easing": "easeOutCubic"
            },
            "0.7917": {
              "vector": [-25,0,15]
            }
          },
          "position": {
            "0.0": {
              "vector": [0,1,0]
            },
            "0.25": {
              "vector": [0,1.245575608,-0.392728481],
              "easing": "easeOutCubic"
            },
            "0.7917": {
              "vector": [0,1,0]
            }
          }
        },
        "back_left_leg": {
          "rotation": {
            "0.0": {
              "vector": [35,0,0]
            },
            "0.25": {
              "vector": [40,0,0],
              "easing": "easeOutCubic"
            },
            "0.7917": {
              "vector": [35,0,0]
            }
          },
          "position": {
            "0.0": {
              "vector": [0,0.245575608,-1.392728481]
            },
            "0.25": {
              "vector": [0,-0.330729309,-2.207456133],
              "easing": "easeOutCubic"
            },
            "0.7917": {
              "vector": [0,0.245575608,-1.392728481]
            }
          }
        },
        "back_right_leg": {
          "rotation": {
            "0.0": {
              "vector": [35,0,0]
            },
            "0.25": {
              "vector": [40,0,0],
              "easing": "easeOutCubic"
            },
            "0.7917": {
              "vector": [35,0,0]
            }
          },
          "position": {
            "0.0": {
              "vector": [0,0.245575608,-1.392728481]
            },
            "0.25": {
              "vector": [0,-0.330729309,-2.207456133],
              "easing": "easeOutCubic"
            },
            "0.7917": {
              "vector": [0,0.245575608,-1.392728481]
            }
          }
        },
        "body": {
          "rotation": {
            "0.0": {
              "vector": [0,0,0]
            },
            "0.25": {
              "vector": [-10,0,0],
              "easing": "easeOutCubic"
            },
            "0.7917": {
              "vector": [0,0,0]
            }
          },
          "position": {
            "0.0": {
              "vector": [0,-0.573576436,-0.819152044]
            },
            "0.25": {
              "vector": [0,-1.966304917,-1.064727652],
              "easing": "easeOutCubic"
            },
            "0.7917": {
              "vector": [0,-0.573576436,-0.819152044]
            }
          }
        },
        "d": {
          "rotation": {
            "0.0": {
              "vector": [62.5,0,0]
            },
            "0.7917": {
              "vector": [62.5,0,0]
            }
          },
          "position": {
            "0.0": {
              "vector": [0,0.4,-1.9]
            },
            "0.25": {
              "vector": [0,0.4,-1.42],
              "easing": "easeOutSine"
            },
            "0.7917": {
              "vector": [0,0.4,-1.9]
            }
          }
        },
        "d2": {
          "rotation": {
            "0.0": {
              "vector": [-30,0,0]
            },
            "0.25": {
              "vector": [-25,0,0],
              "easing": "easeOutCubic"
            },
            "0.7917": {
              "vector": [-30,0,0]
            }
          },
          "position": {
            "0.0": {
              "vector": [0,-0.4,0]
            },
            "0.25": {
              "vector": [0,-0.4,0],
              "easing": "easeOutCubic"
            },
            "0.7917": {
              "vector": [0,-0.4,0]
            }
          }
        },
        "body2": {
          "position": {
            "vector": [0,0,-2]
          }
        }
      }
    }
  }
}