{
	"format_version": "1.8.0",
	"animations": {
		"manualPeakp2": {
			"loop": true,
			"animation_length": 0.75,
			"bones": {
				"player": {
					"rotation": {
						"0.0": {
							"vector": [-8, 0, 0]
						},
						"0.75": {
							"vector": [-8, 0, 0]
						}
					}
				},
				"waist": {
					"rotation": {
						"0.0": {
							"vector": [7, 0, 0]
						},
						"0.2917": {
							"vector": [0.5, 0, 0],
							"easing": "easeInBounce",
							"easingArgs": [0.4]
						},
						"0.5417": {
							"vector": [5.5, 0, 0],
							"easing": "easeInBounce",
							"easingArgs": [0.1]
						},
						"0.75": {
							"vector": [7, 0, 0],
							"easing": "easeOutSine"
						}
					}
				},
				"head": {
					"rotation": {
						"0.0": {
							"vector": [11, 0, 0]
						},
						"0.2917": {
							"vector": [-11.5, 0, 0],
							"easing": "easeOutCubic"
						},
						"0.75": {
							"vector": [11, 0, 0]
						}
					}
				},
				"rightarm": {
					"rotation": {
						"0.0": {
							"vector": [-7.47178, 0.65182, 4.95744]
						},
						"0.3333": {
							"vector": [-7.43656, 0.9762, 7.43656],
							"easing": "easeInQuad"
						},
						"0.75": {
							"vector": [-7.47178, 0.65182, 4.95744]
						}
					}
				},
				"leftarm": {
					"rotation": {
						"0.0": {
							"vector": [-11.57518, 4.75113, 22.01816]
						},
						"0.125": {
							"vector": [-11.12501, 5.73576, 26.94093],
							"easing": "linear"
						},
						"0.25": {
							"vector": [-11.57518, 4.75113, 22.01816],
							"easing": "linear"
						},
						"0.375": {
							"vector": [-11.12501, 5.73576, 26.94093],
							"easing": "linear"
						},
						"0.75": {
							"vector": [-11.57518, 4.75113, 22.01816],
							"easing": "linear"
						}
					}
				},
				"rightleg": {
					"rotation": {
						"0.0": {
							"vector": [5.94203, 0.83354, 5.04326]
						},
						"0.75": {
							"vector": [5.94203, 0.83354, 5.04326]
						}
					},
					"position": {
						"0.0": {
							"vector": [-0.5, 0, 0]
						},
						"0.75": {
							"vector": [-0.5, 0, 0]
						}
					}
				},
				"leftleg": {
					"rotation": {
						"0.0": {
							"vector": [6.98312, -0.48709, -10.02972]
						},
						"0.75": {
							"vector": [6.98312, -0.48709, -10.02972]
						}
					},
					"position": {
						"0.0": {
							"vector": [0.7, 0, 0]
						},
						"0.75": {
							"vector": [0.7, 0, 0]
						}
					}
				}
			}
		}
	}
}
