{
  "format_version": "1.8.0",
  "animations": {
    "playerm2player": {
      "loop": true,
      "animation_length": 0.5,
      "bones": {
        "root": {
          "position": {
            "0.0": {
              "vector": [0,0,-4]
            },
            "0.25": {
              "vector": [0,0,-4.4],
              "easing": "easeInSine"
            },
            "0.5": {
              "vector": [0,0,-4]
            }
          }
        },
        "waist": {
          "rotation": {
            "0.0": {
              "vector": [75,0,0]
            },
            "0.5": {
              "vector": [75,0,0]
            }
          },
          "position": {
            "0.0": {
              "vector": [0,0,2]
            },
            "0.5": {
              "vector": [0,0,2]
            }
          }
        },
        "head": {
          "rotation": {
            "0.0": {
              "vector": [-46.9081227067,-13.503733113,0.6689079761]
            },
            "0.25": {
              "vector": [-51.3495438109,-13.503733113,0.6689079761]
            },
            "0.5": {
              "vector": [-46.9081227067,-13.503733113,0.6689079761]
            }
          }
        },
        "rightarm": {
          "rotation": {
            "0.0": {
              "vector": [-140.0268627665,-1.606669721,1.915613314]
            },
            "0.5": {
              "vector": [-140.0268627665,-1.606669721,1.915613314]
            }
          },
          "position": {
            "0.0": {
              "vector": [0,0,0]
            },
            "0.25": {
              "vector": [0,-1,0]
            },
            "0.5": {
              "vector": [0,0,0]
            }
          }
        },
        "leftarm": {
          "rotation": {
            "0.0": {
              "vector": [-140.1036183195,3.1338660517,-3.7413445367]
            },
            "0.5": {
              "vector": [-140.1036183195,3.1338660517,-3.7413445367]
            }
          },
          "position": {
            "0.0": {
              "vector": [0,0,0]
            },
            "0.25": {
              "vector": [0,-1,0]
            },
            "0.5": {
              "vector": [0,0,0]
            }
          }
        },
        "rightleg": {
          "rotation": {
            "0.0": {
              "vector": [0,0,7.5]
            },
            "0.25": {
              "vector": [2.5,0,7.5],
              "easing": "easeInSine"
            },
            "0.5": {
              "vector": [0,0,7.5]
            }
          },
          "position": {
            "0.0": {
              "vector": [-1,0,0]
            },
            "0.5": {
              "vector": [-1,0,0]
            }
          }
        },
        "leftleg": {
          "rotation": {
            "0.0": {
              "vector": [0,0,-7.5]
            },
            "0.25": {
              "vector": [2.5,0,-7.5],
              "easing": "easeInSine"
            },
            "0.5": {
              "vector": [0,0,-7.5]
            }
          },
          "position": {
            "0.0": {
              "vector": [1,0,0]
            },
            "0.5": {
              "vector": [1,0,0]
            }
          }
        }
      },
      "sound_effects": {
        "0.25": {
          "effect": "reactiveimpact"
        }
      }
    }
  }
}