{
  "format_version": "1.8.0",
  "animations": {
    "pigmplayer_a.p1": {
      "loop": true,
      "animation_length": 0.6667,
      "bones": {
        "pig": {
          "rotation": {
            "0.0": {
              "vector": [-46,0,0]
            },
            "0.6667": {
              "vector": [-46,0,0]
            }
          },
          "position": {
            "0.0": {
              "vector": [0,2,5.4]
            },
            "0.6667": {
              "vector": [0,2,5.4]
            }
          }
        },
        "body": {
          "rotation": {
            "0.0": {
              "vector": [0,0,0]
            },
            "0.2083": {
              "vector": [-2,0,0],
              "easing": "easeInSine"
            },
            "0.6667": {
              "vector": [0,0,0],
              "easing": "easeInSine"
            }
          },
          "position": {
            "0.0": {
              "vector": [0,0,1.6]
            },
            "0.2083": {
              "vector": [0,-0.501069717,1.255138958],
              "easing": "easeInSine"
            },
            "0.6667": {
              "vector": [0,0,1.6],
              "easing": "easeInSine"
            }
          }
        },
        "d": {
          "rotation": {
            "0.0": {
              "vector": [15.0222700877,4.0266894256,-9.9067729017]
            },
            "0.2083": {
              "vector": [28.6238700877,10.0123894256,-17.9487729017]
            },
            "0.6667": {
              "vector": [15.0222700877,4.0266894256,-9.9067729017]
            }
          },
          "position": {
            "0.0": {
              "vector": [0,-0.96,0.25]
            },
            "0.2083": {
              "vector": [0,-0.96,0.55]
            },
            "0.6667": {
              "vector": [0,-0.96,0.25]
            }
          }
        },
        "d1": {
          "rotation": {
            "0.0": {
              "vector": [-2.1457704163,0.0366484723,2.1458708833]
            },
            "0.2083": {
              "vector": [-8.9209762229,-1.2451089313,5.063546327],
              "easing": "easeInSine"
            },
            "0.6667": {
              "vector": [-2.1457704163,0.0366484723,2.1458708833]
            }
          },
          "position": {
            "0.0": {
              "vector": [-0.1406466426,-1.0790943122,-0.1406466286]
            },
            "0.2083": {
              "vector": [0.4616364145,0.3116030327,0.4616364548],
              "easing": "easeInSine"
            },
            "0.6667": {
              "vector": [-0.1406466426,-1.0790943122,-0.1406466286]
            }
          },
          "scale": {
            "0.0": {
              "vector": [1,1.16,1]
            },
            "0.2083": {
              "vector": [1,1.22,1],
              "easing": "easeInSine"
            },
            "0.6667": {
              "vector": [1,1.16,1]
            }
          }
        },
        "d2": {
          "rotation": {
            "0.0": {
              "vector": [0,0,0]
            },
            "0.2083": {
              "vector": [-6.5570558496,0.8662697726,6.5311683425],
              "easing": "easeInSine"
            },
            "0.6667": {
              "vector": [0,0,0],
              "easing": "easeInSine"
            }
          },
          "position": {
            "0.0": {
              "vector": [0,0,0]
            },
            "0.2083": {
              "vector": [0.6,0,0],
              "easing": "easeInSine"
            },
            "0.6667": {
              "vector": [0,0,0],
              "easing": "easeInSine"
            }
          }
        },
        "head": {
          "rotation": {
            "0.0": {
              "vector": [44,0,0]
            },
            "0.2083": {
              "vector": [48,0,0]
            },
            "0.6667": {
              "vector": [44,0,0]
            }
          },
          "position": {
            "0.0": {
              "vector": [0,0,0]
            },
            "0.2083": {
              "vector": [0,-0.28773592,-0.277863348]
            },
            "0.6667": {
              "vector": [0,0,0]
            }
          }
        },
        "leg1": {
          "rotation": {
            "0.0": {
              "vector": [45,0,0]
            },
            "0.2083": {
              "vector": [48,0,0],
              "easing": "easeInSine"
            },
            "0.6667": {
              "vector": [45,0,0],
              "easing": "easeInSine"
            }
          },
          "position": {
            "0.0": {
              "vector": [0.1,0.26,0.94]
            },
            "0.2083": {
              "vector": [0,0.15419806,0.841602489],
              "easing": "easeInSine"
            },
            "0.6667": {
              "vector": [0.1,0.26,0.94]
            }
          }
        },
        "leg2": {
          "rotation": {
            "0.0": {
              "vector": [45,0,0]
            },
            "0.2083": {
              "vector": [48,0,0],
              "easing": "easeInSine"
            },
            "0.6667": {
              "vector": [45,0,0],
              "easing": "easeInSine"
            }
          },
          "position": {
            "0.0": {
              "vector": [-0.4,0.3,0.98]
            },
            "0.2083": {
              "vector": [0,0.22613204,0.911068326],
              "easing": "easeInSine"
            },
            "0.6667": {
              "vector": [-0.4,0.3,0.98]
            }
          }
        },
        "leg3": {
          "rotation": {
            "0.0": {
              "vector": [0,0,0]
            },
            "0.2083": {
              "vector": [-2,0,0]
            },
            "0.6667": {
              "vector": [0,0,0]
            }
          },
          "position": {
            "0.0": {
              "vector": [-0.5,0,0]
            },
            "0.6667": {
              "vector": [-0.5,0,0]
            }
          }
        },
        "leg4": {
          "rotation": {
            "0.0": {
              "vector": [0,0,0]
            },
            "0.2083": {
              "vector": [-2,0,0]
            },
            "0.6667": {
              "vector": [0,0,0]
            }
          },
          "position": {
            "0.0": {
              "vector": [0.5,0,0]
            },
            "0.6667": {
              "vector": [0.5,0,0]
            }
          }
        }
      },
      "sound_effects": {
        "0.2083": {
          "effect": "reactiveimpact"
        }
      }
    }
  }
}