{
  "format_version": "1.8.0",
  "animations": {
    "foxmplayer.p1": {
      "loop": true,
      "animation_length": 1,
      "bones": {
        "root": {
          "rotation": {
            "0.0": {
              "vector": [75,0,0]
            },
            "1.0": {
              "vector": [75,0,0],
              "easing": "easeInSine"
            }
          },
          "position": {
            "0.0": {
              "vector": [0,0,15.3]
            },
            "0.1667": {
              "vector": [0,0,15.1]
            },
            "0.3333": {
              "vector": [0,0,15.3]
            },
            "0.5": {
              "vector": [0,0,15.1]
            },
            "0.6667": {
              "vector": [0,0,15.3]
            },
            "0.8333": {
              "vector": [0,0,15.1]
            },
            "1.0": {
              "vector": [0,0,15.3]
            }
          }
        },
        "waist": {
          "rotation": {
            "0.0": {
              "vector": [17.5,0,0]
            },
            "1.0": {
              "vector": [17.5,0,0],
              "easing": "easeOutSine"
            }
          },
          "position": {
            "0.0": {
              "vector": [0,0,2.6]
            },
            "1.0": {
              "vector": [0,0,2.6],
              "easing": "easeOutSine"
            }
          }
        },
        "head": {
          "rotation": {
            "0.0": {
              "vector": [-54.698252905,-15.081323463,20.176131186]
            },
            "0.625": {
              "vector": [-66.152853341,-10.676504271,22.739266697],
              "easing": "easeInSine"
            },
            "1.0": {
              "vector": [-54.698252905,-15.081323463,20.176131186],
              "easing": "easeOutSine"
            }
          }
        },
        "rightarm": {
          "rotation": {
            "0.0": {
              "vector": [-157.927602266,8.537257632,-12.379605396]
            },
            "0.5": {
              "vector": [-157.796193234,8.121472057,-17.351099309],
              "easing": "easeInSine"
            },
            "1.0": {
              "vector": [-157.927602266,8.537257632,-12.379605396],
              "easing": "easeOutSine"
            }
          }
        },
        "leftarm": {
          "rotation": {
            "0.0": {
              "vector": [-156.882146945,-5.056215452,8.638796628]
            },
            "0.5": {
              "vector": [-156.764788543,-4.591629275,9.618521962],
              "easing": "easeInSine"
            },
            "1.0": {
              "vector": [-156.882146945,-5.056215452,8.638796628],
              "easing": "easeOutSine"
            }
          }
        },
        "rightleg": {
          "rotation": {
            "0.0": {
              "vector": [9.819881095,-1.898764938,10.83687175]
            },
            "0.5": {
              "vector": [9.713914374,-2.405431268,12.772715884],
              "easing": "easeInSine"
            },
            "1.0": {
              "vector": [9.819881095,-1.898764938,10.83687175],
              "easing": "easeOutSine"
            }
          },
          "position": {
            "0.0": {
              "vector": [-1,0,-0.5]
            },
            "1.0": {
              "vector": [-1,0,-0.5]
            }
          }
        },
        "leftleg": {
          "rotation": {
            "0.0": {
              "vector": [12.235161118,2.579199754,-11.723516445]
            },
            "0.5": {
              "vector": [12.057944104,3.335133187,-14.630480989],
              "easing": "easeInSine"
            },
            "1.0": {
              "vector": [12.235161118,2.579199754,-11.723516445],
              "easing": "easeOutSine"
            }
          },
          "position": {
            "0.0": {
              "vector": [1,0,-0.9]
            },
            "1.0": {
              "vector": [1,0,-0.9]
            }
          }
        }
      },
      "sound_effects": {
        "0.1667": {
          "effect": "reactiveimpact"
        },
        "0.5": {
          "effect": "reactiveimpact"
        },
        "0.8333": {
          "effect": "reactiveimpact"
        }
      }
    }
  }
}