{
  "format_version": "1.8.0",
  "animations": {
    "horsemcollector.p1": {
      "loop": true,
      "animation_length": 0.7917,
      "bones": {
        "root": {
          "rotation": {
            "0.0": {
              "vector": [-35,0,0]
            },
            "0.7917": {
              "vector": [-35,0,0]
            }
          },
          "position": {
            "0.0": {
              "vector": [0,6.5,17]
            },
            "0.7917": {
              "vector": [0,6.5,17]
            }
          }
        },
        "head2": {
          "rotation": {
            "0.0": {
              "vector": [72.2469228284,-16.1201181348,-14.0066055777]
            },
            "0.25": {
              "vector": [79.7469228284,-16.1201181348,-14.0066055777],
              "easing": "easeOutCubic"
            },
            "0.7917": {
              "vector": [72.2469228284,-16.1201181348,-14.0066055777]
            }
          },
          "position": {
            "0.0": {
              "vector": [2.4,-6,0]
            },
            "0.7917": {
              "vector": [2.4,-6,0]
            }
          }
        },
        "d3": {
          "rotation": {
            "0.0": {
              "vector": [-17.5,0,0]
            },
            "0.7917": {
              "vector": [-17.5,0,0]
            }
          }
        },
        "tail": {
          "rotation": {
            "0.0": {
              "vector": [37.5,0,0]
            },
            "0.25": {
              "vector": [65,0,0],
              "easing": "easeOutCubic"
            },
            "0.7917": {
              "vector": [37.5,0,0]
            }
          },
          "position": {
            "0.0": {
              "vector": [0,-2.3434208668,-2.9980624809]
            },
            "0.25": {
              "vector": [0,-3.6291883091,-1.9650252533],
              "easing": "easeOutCubic"
            },
            "0.7917": {
              "vector": [0,-2.3434208668,-2.9980624809]
            }
          }
        },
        "front_left_leg": {
          "rotation": {
            "0.0": {
              "vector": [-7.5,0,-15]
            },
            "0.25": {
              "vector": [-5,0,-15],
              "easing": "easeOutCubic"
            },
            "0.7917": {
              "vector": [-7.5,0,-15]
            }
          },
          "position": {
            "0.0": {
              "vector": [0,1,0]
            },
            "0.25": {
              "vector": [0,1.2455756079,-0.3927284807],
              "easing": "easeOutCubic"
            },
            "0.7917": {
              "vector": [0,1,0]
            }
          }
        },
        "front_right_leg": {
          "rotation": {
            "0.0": {
              "vector": [-7.5,0,15]
            },
            "0.25": {
              "vector": [-5,0,15],
              "easing": "easeOutCubic"
            },
            "0.7917": {
              "vector": [-7.5,0,15]
            }
          },
          "position": {
            "0.0": {
              "vector": [0,1,0]
            },
            "0.25": {
              "vector": [0,1.2455756079,-0.3927284807],
              "easing": "easeOutCubic"
            },
            "0.7917": {
              "vector": [0,1,0]
            }
          }
        },
        "back_left_leg": {
          "rotation": {
            "0.0": {
              "vector": [35,0,0]
            },
            "0.25": {
              "vector": [40,0,0],
              "easing": "easeOutCubic"
            },
            "0.7917": {
              "vector": [35,0,0]
            }
          },
          "position": {
            "0.0": {
              "vector": [0,0.2455756082,-1.3927284806]
            },
            "0.25": {
              "vector": [0,-0.3307293092,-2.2074561329],
              "easing": "easeOutCubic"
            },
            "0.7917": {
              "vector": [0,0.2455756082,-1.3927284806]
            }
          }
        },
        "back_right_leg": {
          "rotation": {
            "0.0": {
              "vector": [35,0,0]
            },
            "0.25": {
              "vector": [40,0,0],
              "easing": "easeOutCubic"
            },
            "0.7917": {
              "vector": [35,0,0]
            }
          },
          "position": {
            "0.0": {
              "vector": [0,0.2455756082,-1.3927284806]
            },
            "0.25": {
              "vector": [0,-0.3307293092,-2.2074561329],
              "easing": "easeOutCubic"
            },
            "0.7917": {
              "vector": [0,0.2455756082,-1.3927284806]
            }
          }
        },
        "body": {
          "rotation": {
            "0.0": {
              "vector": [0,0,0]
            },
            "0.25": {
              "vector": [-10,0,0],
              "easing": "easeOutCubic"
            },
            "0.7917": {
              "vector": [0,0,0]
            }
          },
          "position": {
            "0.0": {
              "vector": [0,-0.5735764364,-0.8191520443]
            },
            "0.25": {
              "vector": [0,-1.9663049171,-1.0647276522],
              "easing": "easeOutCubic"
            },
            "0.7917": {
              "vector": [0,-0.5735764364,-0.8191520443]
            }
          }
        },
        "d": {
          "rotation": {
            "0.0": {
              "vector": [35,0,0]
            },
            "0.25": {
              "vector": [47.5,0,0],
              "easing": "easeOutCubic"
            },
            "0.7917": {
              "vector": [35,0,0]
            }
          },
          "position": {
            "0.0": {
              "vector": [0,0.9,-5.2]
            },
            "0.25": {
              "vector": [0,0.8292893219,-6.6849242405],
              "easing": "easeOutCubic"
            },
            "0.7917": {
              "vector": [0,0.9,-5.2]
            }
          }
        },
        "d2": {
          "rotation": {
            "0.0": {
              "vector": [-45,0,0]
            },
            "0.25": {
              "vector": [-50,0,0],
              "easing": "easeOutCubic"
            },
            "0.7917": {
              "vector": [-45,0,0]
            }
          }
        }
      },
      "sound_effects": {
        "0.25": {
          "effect": "reactiveimpact"
        }
      }
    }
  }
}