{
  "format_version": "1.8.0",
  "animations": {
    "cavespidermplayer.p1": {
      "loop": true,
      "animation_length": 0.5,
      "bones": {
        "root": {
          "rotation": {
            "vector": [89.865808993,-1.523720235,-182.281006076]
          },
          "position": {
            "0.0": {
              "vector": [0,2.1,11.5]
            },
            "0.25": {
              "vector": [0,2.1,11.3],
              "easing": "easeOutSine"
            },
            "0.5": {
              "vector": [0,2.1,11.5],
              "easing": "easeOutSine"
            }
          }
        },
        "head": {
          "rotation": {
            "0.0": {
              "vector": [22.478391978,-0.406872619,-0.989450401]
            },
            "0.25": {
              "vector": [15.983886838,-0.329765015,-0.688271637],
              "easing": "easeInSine"
            },
            "0.5": {
              "vector": [22.478391978,-0.406872619,-0.989450401],
              "easing": "easeInSine"
            }
          }
        },
        "rightarm": {
          "rotation": {
            "0.0": {
              "vector": [-61.046523154,4.821670499,-15.599279232]
            },
            "0.25": {
              "vector": [-59.273920901,9.980010144,-12.647007664],
              "easing": "easeOutSine"
            },
            "0.5": {
              "vector": [-61.046523154,4.821670499,-15.599279232]
            }
          }
        },
        "leftarm": {
          "rotation": {
            "0.0": {
              "vector": [-69.200288836,3.35800614,16.050907227]
            },
            "0.25": {
              "vector": [-70.980822778,1.608562684,15.847416103],
              "easing": "easeOutSine"
            },
            "0.5": {
              "vector": [-69.200288836,3.35800614,16.050907227]
            }
          }
        },
        "rightleg": {
          "rotation": {
            "0.0": {
              "vector": [0.857593627,-0.247903323,22.480656398]
            },
            "0.25": {
              "vector": [0.996775448,-0.326202673,26.476771385],
              "easing": "easeOutSine"
            },
            "0.5": {
              "vector": [0.857593627,-0.247903323,22.480656398],
              "easing": "easeOutSine"
            }
          },
          "position": {
            "vector": [-1.997708653,-0.052952885,0.07972534]
          }
        },
        "leftleg": {
          "rotation": {
            "0.0": {
              "vector": [-0.887211392,-0.098868718,-22.481746229]
            },
            "0.25": {
              "vector": [-1.000399316,-0.138059291,-25.47912057],
              "easing": "easeOutSine"
            },
            "0.5": {
              "vector": [-0.887211392,-0.098868718,-22.481746229],
              "easing": "easeOutSine"
            }
          },
          "position": {
            "vector": [1.997708653,0.052952885,-0.07972534]
          }
        }
      },
      "sound_effects": {
        "0.25": {
          "effect": "reactiveimpact"
        }
      }
    }
  }
}